Kod,Nama,PPD
KBA0001,Sekolah Kebangsaan Mohd Ariff Abdullah,PPD BALING
KBA0002,Sekolah Kebangsaan Teloi Kanan,PPD BALING
KBA0003,Sekolah Kebangsaan Tembak,PPD BALING
KBA0004,Sekolah Kebangsaan Badang,PPD BALING
KBA0005,Sekolah Kebangsaan Asam Jawa/Carok Kelian,PPD BALING
KBA0006,Sekolah Kebangsaan Seri Inas,PPD BALING
KBA0007,Sekolah Kebangsaan Penghulu Abu Bakar,PPD BALING
KBA0008,Sekolah Kebangsaan Baling,PPD BALING
KBA0009,Sekolah Kebangsaan Dalam Wang,PPD BALING
KBA0010,Sekolah Kebangsaan Tunku Puan Habsah,PPD BALING
KBA0011,Sekolah Kebangsaan Iboi,PPD BALING
KBA0012,Sekolah Kebangsaan Syed Sheh,PPD BALING
KBA0013,Sekolah Kebangsaan Kampung Sadek,PPD BALING
KBA0014,Sekolah Kebangsaan Kampong Padang,PPD BALING
KBA0015,Sekolah Kebangsaan Kampung Sera,PPD BALING
KBA0016,Sekolah Kebangsaan Kuala Kupang,PPD BALING
KBA0017,Sekolah Kebangsaan Kuala Pegang,PPD BALING
KBA0018,Sekolah Kebangsaan Kuala Kuang,PPD BALING
KBA0019,Sekolah Kebangsaan Kuala Merah,PPD BALING
KBA0020,Sekolah Kebangsaan Kuala Samak,PPD BALING
KBA0021,Sekolah Kebangsaan Lanai,PPD BALING
KBA0022,Sekolah Kebangsaan Pulai,PPD BALING
KBA0023,Sekolah Kebangsaan Siong,PPD BALING
KBA0024,Sekolah Kebangsaan Tanjung Pari,PPD BALING
KBA0025,Sekolah Kebangsaan Tawar,PPD BALING
KBA0026,Sekolah Kebangsaan Tiak,PPD BALING
KBA0027,Sekolah Kebangsaan Titi Gantong,PPD BALING
KBA0028,Sekolah Kebangsaan Rambong Pulai,PPD BALING
KBA0029,Sekolah Kebangsaan Seri Bayu,PPD BALING
KBA0030,Sekolah Kebangsaan Kuala Ketil,PPD BALING
KBA0031,Sekolah Kebangsaan Seri Jemerli,PPD BALING
KBA0032,Sekolah Kebangsaan Kampung Selarong,PPD BALING
KBA0062,Sekolah Kebangsaan Telok Teduri,PPD BALING
KBA0063,Sekolah Kebangsaan Malau,PPD BALING
KBA0065,Sekolah Kebangsaan Paya Besar,PPD BALING
KBA0066,Sekolah Kebangsaan Binjul,PPD BALING
KBA0067,Sekolah Kebangsaan Kampung Bandar,PPD BALING
KBA0068,Sekolah Kebangsaan Ulu Tawar,PPD BALING
KBA0069,Sekolah Kebangsaan Ulu Bakai,PPD BALING
KBA0070,Sekolah Kebangsaan Seberang Ketil,PPD BALING
KBA0071,Sekolah Kebangsaan Binjul Dalam,PPD BALING
KBA0073,Sekolah Kebangsaan Kampong Keda,PPD BALING
KBA1001,Sekolah Kebangsaan Ayer Puteh,PPD KULIM/BANDAR BAHARU
KBA1002,Sekolah Kebangsaan Bandar Baharu,PPD KULIM/BANDAR BAHARU
KBA1004,Sekolah Kebangsaan Sungai Salleh,PPD KULIM/BANDAR BAHARU
KBA1005,Sekolah Kebangsaan Lubok Buntar,PPD KULIM/BANDAR BAHARU
KBA1006,Sekolah Kebangsaan Permatang Kerat Telunjuk,PPD KULIM/BANDAR BAHARU
KBA1007,Sekolah Kebangsaan Relau,PPD KULIM/BANDAR BAHARU
KBA1008,Sekolah Kebangsaan Selama,PPD KULIM/BANDAR BAHARU
KBA1009,Sekolah Kebangsaan Dato' Haji Zainuddin,PPD KULIM/BANDAR BAHARU
KBA1010,Sekolah Kebangsaan Sungai Batu,PPD KULIM/BANDAR BAHARU
KBA1011,Sekolah Kebangsaan Sg Kechil Ilir,PPD KULIM/BANDAR BAHARU
KBA1012,Sekolah Kebangsaan Sungai Kechil Ulu,PPD KULIM/BANDAR BAHARU
KBA1013,Sekolah Kebangsaan Sungai Taka,PPD KULIM/BANDAR BAHARU
KBA1014,Sekolah Kebangsaan Sg Tengas,PPD KULIM/BANDAR BAHARU
KBA2007,Sekolah Kebangsaan Alor Janggus,PPD KOTA SETAR
KBA2008,Sekolah Kebangsaan Seri Amar Diraja,PPD KOTA SETAR
KBA2010,Sekolah Kebangsaan Gunong,PPD KOTA SETAR
KBA2011,Sekolah Kebangsaan Kota Rentang,PPD KOTA SETAR
KBA2012,Sekolah Kebangsaan Wan Sulaiman Sidiq,PPD KOTA SETAR
KBA2013,Sekolah Kebangsaan Hj Abdullah Sadun,PPD KOTA SETAR
KBA2014,Sekolah Kebangsaan Dato' Shaari,PPD KOTA SETAR
KBA2015,Sekolah Kebangsaan Lengkuas,PPD KOTA SETAR
KBA2016,Sekolah Kebangsaan Mergong,PPD KOTA SETAR
KBA2017,Sekolah Kebangsaan Permatang Gunung,PPD KOTA SETAR
KBA2018,Sekolah Kebangsaan Simpang Tiga,PPD KOTA SETAR
KBA2019,Sekolah Kebangsaan Suka Menanti,PPD KOTA SETAR
KBA2020,Sekolah Kebangsaan Sungai Baru,PPD KOTA SETAR
KBA2021,Sekolah Kebangsaan Titi Gajah,PPD KOTA SETAR
KBA2022,Sekolah Kebangsaan Kubang Teduh,PPD KOTA SETAR
KBA2023,Sekolah Kebangsaan Alor Melintang,PPD KOTA SETAR
KBA2024,Sekolah Kebangsaan Alor Mengkudu,PPD KOTA SETAR
KBA2025,Sekolah Kebangsaan Tunku Raudzah,PPD KOTA SETAR
KBA2026,Sekolah Kebangsaan Hutan Kampong,PPD KOTA SETAR
KBA2028,Sekolah Kebangsaan Kampong Gelam,PPD KOTA SETAR
KBA2029,Sekolah Kebangsaan Gerigis,PPD KOTA SETAR
KBA2030,Sekolah Kebangsaan Sri Taman,PPD KOTA SETAR
KBA2031,Sekolah Kebangsaan Kuala Kedah,PPD KOTA SETAR
KBA2032,Sekolah Kebangsaan Langgar,PPD KOTA SETAR
KBA2033,Sekolah Kebangsaan Haji Abu Bakar,PPD KOTA SETAR
KBA2036,Sekolah Kebangsaan Seberang Perak Baru,PPD KOTA SETAR
KBA2037,Sekolah Kebangsaan Seberang Perak,PPD KOTA SETAR
KBA2038,Sekolah Kebangsaan Haji Ismail,PPD KOTA SETAR
KBA2039,Sekolah Kebangsaan Jalan Pegawai,PPD KOTA SETAR
KBA2040,Sekolah Kebangsaan Sg Korok Lama,PPD KOTA SETAR
KBA2041,Sekolah Kebangsaan Hj Idris Tajar,PPD KOTA SETAR
KBA2042,Sekolah Kebangsaan Dato' Wan Mohd Saman,PPD KOTA SETAR
KBA2045,Sekolah Kebangsaan Telok Kechai,PPD KOTA SETAR
KBA2049,Sekolah Kebangsaan Buluh Lima,PPD KOTA SETAR
KBA2055,Sekolah Kebangsaan Kangkong,PPD KOTA SETAR
KBA2058,Sekolah Kebangsaan Lahar Budi,PPD KOTA SETAR
KBA2061,Sekolah Kebangsaan Hj Hassan Itam,PPD KOTA SETAR
KBA2064,Sekolah Kebangsaan Tebengau,PPD KOTA SETAR
KBA2065,Sekolah Kebangsaan Haji Wahab,PPD KOTA SETAR
KBA2066,Sekolah Kebangsaan Darul Hikmah,PPD KOTA SETAR
KBA2073,Sekolah Kebangsaan Kampong Jawa,PPD KOTA SETAR
KBA2074,Sekolah Kebangsaan Sri Mahawangsa,PPD KOTA SETAR
KBA2084,Sekolah Kebangsaan Bukit Pinang,PPD KOTA SETAR
KBA2085,Sekolah Kebangsaan Taman Uda,PPD KOTA SETAR
KBA2087,Sekolah Kebangsaan Pendidikan Khas Alor Setar,PPD KOTA SETAR
KBA2088,Sekolah Kebangsaan Taman Rakyat,PPD KOTA SETAR
KBA2089,Sekolah Kebangsaan Seri Pantai,PPD KOTA SETAR
KBA2090,Sekolah Kebangsaan Seri Perdana,PPD KOTA SETAR
KBA2091,Sekolah Kebangsaan Peremba,PPD KOTA SETAR
KBA2092,Sekolah Kebangsaan Jalan Datuk Kumbar,PPD KOTA SETAR
KBA2093,Sekolah Kebangsaan Kebun Pinang,PPD KOTA SETAR
KBA2094,Sekolah Kebangsaan Taman Aman,PPD KOTA SETAR
KBA2095,Sekolah Kebangsaan Taman Bersatu,PPD KOTA SETAR
KBA2096,Sekolah Kebangsaan Haji Salleh Masri,PPD KOTA SETAR
KBA2098,Sekolah Kebangsaan Taman Awana,PPD KOTA SETAR
KBA3001,Sekolah Kebangsaan Gurun (Pusat),PPD YAN
KBA3002,Sekolah Kebangsaan Jeniang (Pusat),PPD YAN
KBA3003,Sekolah Kebangsaan Batu Hampar,PPD KUALA MUDA
KBA3004,Sekolah Kebangsaan Seri Wangsa,PPD KUALA MUDA
KBA3005,Sekolah Kebangsaan Sultan Mudzaffar Shah,PPD KUALA MUDA
KBA3006,Sekolah Kebangsaan Aman Jaya,PPD KUALA MUDA
KBA3007,Sekolah Kebangsaan Bkt Selambau,PPD KUALA MUDA
KBA3008,Sekolah Kebangsaan Bedong,PPD YAN
KBA3009,Sekolah Kebangsaan Ladang Harvard,PPD YAN
KBA3010,Sekolah Kebangsaan Dataran Muda,PPD KUALA MUDA
KBA3011,Sekolah Kebangsaan Sri Jerai,PPD YAN
KBA3012,Sekolah Kebangsaan Pantai Prai,PPD KUALA MUDA
KBA3013,Sekolah Kebangsaan Hj. Omar Tahir,PPD KUALA MUDA
KBA3014,Sekolah Kebangsaan Patani Para,PPD KUALA MUDA
KBA3015,Sekolah Kebangsaan Semeling,PPD KUALA MUDA
KBA3016,Sekolah Kebangsaan Sungai Lalang,PPD KUALA MUDA
KBA3017,Sekolah Kebangsaan Sungkap Para,PPD KUALA MUDA
KBA3018,Sekolah Kebangsaan Sungai Tok Pawang,PPD YAN
KBA3019,Sekolah Kebangsaan Tanjong Dawai,PPD KUALA MUDA
KBA3020,Sekolah Kebangsaan Bukit Kechil,PPD KUALA MUDA
KBA3021,Sekolah Kebangsaan Darul Aman,PPD KUALA MUDA
KBA3022,Sekolah Kebangsaan Bukit Meriam,PPD KUALA MUDA
KBA3023,Sekolah Kebangsaan Haji Sulaiman,PPD KUALA MUDA
KBA3024,Sekolah Kebangsaan Sri Gedong,PPD KUALA MUDA
KBA3025,Sekolah Kebangsaan Kota Kuala Muda,PPD KUALA MUDA
KBA3027,Sekolah Kebangsaan Seri Kuala,PPD KUALA MUDA
KBA3028,Sekolah Kebangsaan Kampung Kuala Sin,PPD KUALA MUDA
KBA3029,Sekolah Kebangsaan Seri Pinang,PPD KUALA MUDA
KBA3030,Sekolah Kebangsaan Pinang Tunggal,PPD KUALA MUDA
KBA3031,Sekolah Kebangsaan Rantau Panjang,PPD KUALA MUDA
KBA3032,Sekolah Kebangsaan Sidam Kiri,PPD KUALA MUDA
KBA3033,Sekolah Kebangsaan Simpor,PPD KUALA MUDA
KBA3034,Sekolah Kebangsaan Sungai Pasir,PPD KUALA MUDA
KBA3035,Sekolah Kebangsaan Khir Johari,PPD KUALA MUDA
KBA3036,Sekolah Kebangsaan Sungai Petani,PPD KUALA MUDA
KBA3037,Sekolah Kebangsaan Tikam Batu,PPD KUALA MUDA
KBA3038,Sekolah Kebangsaan Batu Empat,PPD YAN
KBA3039,Sekolah Kebangsaan Berapit,PPD KUALA MUDA
KBA3040,Sekolah Kebangsaan Kem Lapangan Terbang,PPD KUALA MUDA
KBA3041,Sekolah Kebangsaan Petani Jaya,PPD KUALA MUDA
KBA3042,Sekolah Kebangsaan Pendidikan Khas Sungai Petani,PPD KUALA MUDA
KBA3043,Sekolah Kebangsaan Tunku Ismail,PPD KUALA MUDA
KBA3044,Sekolah Kebangsaan Taman Ria,PPD KUALA MUDA
KBA3045,Sekolah Kebangsaan Sungai Layar,PPD KUALA MUDA
KBA3046,Sekolah Kebangsaan Kampong Pasir,PPD KUALA MUDA
KBA3047,Sekolah Kebangsaan Bandar Baru Sungai Lalang,PPD KUALA MUDA
KBA3048,Sekolah Kebangsaan Taman Seri Wang,PPD KUALA MUDA
KBA3049,Sekolah Kebangsaan Tasek Apong,PPD KUALA MUDA
KBA3050,Sekolah Kebangsaan Bakar Arang,PPD KUALA MUDA
KBA3051,Sekolah Kebangsaan Taman Intan,PPD KUALA MUDA
KBA3052,Sekolah Kebangsaan Sungai Pasir Kechil,PPD KUALA MUDA
KBA3053,Sekolah Kebangsaan Teluk Wang,PPD KUALA MUDA
KBA3054,Sekolah Kebangsaan Ambangan Heights,PPD KUALA MUDA
KBA3055,Sekolah Kebangsaan Bukit Kiara,PPD KUALA MUDA
KBA3056,Sekolah Kebangsaan Bandar Puteri Jaya,PPD KUALA MUDA
KBA3057,Sekolah Kebangsaan Bandar Laguna Merbok,PPD KUALA MUDA
KBA4001,Sekolah Kebangsaan Ayer Hitam,PPD KUBANG PASU
KBA4002,Sekolah Kebangsaan Haji Wan Yahya,PPD KUBANG PASU
KBA4003,Sekolah Kebangsaan Batu 8 Changlun,PPD KUBANG PASU
KBA4004,Sekolah Kebangsaan Dato' Syed Nahar,PPD KUBANG PASU
KBA4005,Sekolah Kebangsaan Binjal,PPD KUBANG PASU
KBA4006,Sekolah Kebangsaan Guar Napai,PPD KUBANG PASU
KBA4007,Sekolah Kebangsaan Dato' Wan Kemara,PPD KUBANG PASU
KBA4008,Sekolah Kebangsaan Gelong,PPD KUBANG PASU
KBA4009,Sekolah Kebangsaan Jitra,PPD KUBANG PASU
KBA4010,Sekolah Kebangsaan Kodiang,PPD KUBANG PASU
KBA4011,Sekolah Kebangsaan Dato' Sri Syed Ahmad,PPD KUBANG PASU
KBA4012,Sekolah Kebangsaan Hosba,PPD KUBANG PASU
KBA4013,Sekolah Kebangsaan Megat Dewa,PPD KUBANG PASU
KBA4014,Sekolah Kebangsaan Manggol Bongor,PPD KUBANG PASU
KBA4015,Sekolah Kebangsaan Matang Paku,PPD KUBANG PASU
KBA4016,Sekolah Kebangsaan Padang Perahu,PPD KUBANG PASU
KBA4017,Sekolah Kebangsaan Tunku Laksamana,PPD KUBANG PASU
KBA4018,Sekolah Kebangsaan Pida Tiga,PPD KUBANG PASU
KBA4019,Sekolah Kebangsaan Hakim Teh,PPD KUBANG PASU
KBA4020,Sekolah Kebangsaan Sanglang,PPD KUBANG PASU
KBA4021,Sekolah Kebangsaan Siputeh,PPD KUBANG PASU
KBA4022,Sekolah Kebangsaan Tok Kepak,PPD KUBANG PASU
KBA4023,Sekolah Kebangsaan Bandar Bukit Kayu Hitam,PPD KUBANG PASU
KBA4024,Sekolah Kebangsaan (Felda) Laka Selatan,PPD KUBANG PASU
KBA4025,Sekolah Kebangsaan Anak-Anak Angkatan Tentera,PPD KUBANG PASU
KBA4026,Sekolah Kebangsaan Jerlun,PPD KUBANG PASU
KBA4027,Sekolah Kebangsaan Seri Banai,PPD KUBANG PASU
KBA4028,Sekolah Kebangsaan Penghulu Hj Darus,PPD KUBANG PASU
KBA4029,Sekolah Kebangsaan Malau,PPD KUBANG PASU
KBA4030,Sekolah Kebangsaan Telok Malek,PPD KUBANG PASU
KBA4031,Sekolah Kebangsaan Kepala Batas,PPD KUBANG PASU
KBA4032,Sekolah Kebangsaan Seri Muda,PPD KUBANG PASU
KBA4033,Sekolah Kebangsaan Jitra 2,PPD KUBANG PASU
KBA4034,Sekolah Kebangsaan Bandar Baru Darulaman,PPD KUBANG PASU
KBA4056,Sekolah Kebangsaan Pulau Chapa,PPD KUBANG PASU
KBA4057,Sekolah Kebangsaan (Felda) Bkt Tangga,PPD KUBANG PASU
KBA4058,Sekolah Kebangsaan Bukit Tinggi,PPD KUBANG PASU
KBA4059,Sekolah Kebangsaan Bandar Baru Sintok,PPD KUBANG PASU
KBA4060,Sekolah Kebangsaan Pulau Nyior,PPD KUBANG PASU
KBA4061,Sekolah Kebangsaan Jitra 3,PPD KUBANG PASU
KBA4062,Sekolah Kebangsaan Padang Pekan,PPD KUBANG PASU
KBA4063,Sekolah Kebangsaan Putat,PPD KUBANG PASU
KBA4064,Sekolah Kebangsaan Paya Kemunting,PPD KUBANG PASU
KBA4065,Sekolah Kebangsaan Darulaman Heights,PPD KUBANG PASU
KBA5001,Sekolah Kebangsaan Bukit Selarong,PPD KULIM/BANDAR BAHARU
KBA5002,Sekolah Kebangsaan Ldg Bukit Sidim,PPD KULIM/BANDAR BAHARU
KBA5003,Sekolah Kebangsaan Ladang Dublin,PPD KULIM/BANDAR BAHARU
KBA5004,Sekolah Kebangsaan Guar Lobak,PPD KULIM/BANDAR BAHARU
KBA5005,Sekolah Kebangsaan Junjong,PPD KULIM/BANDAR BAHARU
KBA5006,Sekolah Kebangsaan Keladi,PPD KULIM/BANDAR BAHARU
KBA5007,Sekolah Kebangsaan Kulim,PPD KULIM/BANDAR BAHARU
KBA5008,Sekolah Kebangsaan Sri Kulim,PPD KULIM/BANDAR BAHARU
KBA5009,Sekolah Kebangsaan Labu Besar,PPD KULIM/BANDAR BAHARU
KBA5010,Sekolah Kebangsaan Sri Limau,PPD KULIM/BANDAR BAHARU
KBA5011,Sekolah Kebangsaan Lunas Jaya,PPD KULIM/BANDAR BAHARU
KBA5012,Sekolah Kebangsaan Merbau Pulas,PPD KULIM/BANDAR BAHARU
KBA5013,Sekolah Kebangsaan Mahang,PPD KULIM/BANDAR BAHARU
KBA5014,Sekolah Kebangsaan Sungai Karangan,PPD KULIM/BANDAR BAHARU
KBA5015,Sekolah Kebangsaan Permatang Tok Dik,PPD KULIM/BANDAR BAHARU
KBA5016,Sekolah Kebangsaan Sungai Kob,PPD KULIM/BANDAR BAHARU
KBA5017,Sekolah Kebangsaan Sungai Seluang,PPD KULIM/BANDAR BAHARU
KBA5018,Sekolah Kebangsaan Sungai Ular,PPD KULIM/BANDAR BAHARU
KBA5019,Sekolah Kebangsaan Seri Lindungan Raja,PPD KULIM/BANDAR BAHARU
KBA5020,Sekolah Kebangsaan Terap,PPD KULIM/BANDAR BAHARU
KBA5021,Sekolah Kebangsaan Gunung Bongsu,PPD KULIM/BANDAR BAHARU
KBA5022,Sekolah Kebangsaan Pagar Musih,PPD KULIM/BANDAR BAHARU
KBA5023,Sekolah Kebangsaan Kulim Bandar,PPD KULIM/BANDAR BAHARU
KBA5024,Sekolah Kebangsaan Permatang Tiong,PPD KULIM/BANDAR BAHARU
KBA5025,Sekolah Kebangsaan Taman Selasih,PPD KULIM/BANDAR BAHARU
KBA5026,Sekolah Kebangsaan Taman Kenari,PPD KULIM/BANDAR BAHARU
KBA5027,Sekolah Kebangsaan Taman Ria,PPD KULIM/BANDAR BAHARU
KBA5028,Sekolah Kebangsaan Jalan Paya Besar,PPD KULIM/BANDAR BAHARU
KBA5029,Sekolah Kebangsaan Taman Hi-Tech,PPD KULIM/BANDAR BAHARU
KBA5030,Sekolah Kebangsaan Air Merah,PPD KULIM/BANDAR BAHARU
KBA5031,Sekolah Kebangsaan Taman Jelutong,PPD KULIM/BANDAR BAHARU
KBA5032,Sekolah Kebangsaan Taman Mutiara,PPD KULIM/BANDAR BAHARU
KBA5033,Sekolah Kebangsaan Taman Mahsuri,PPD KULIM/BANDAR BAHARU
KBA6001,Sekolah Kebangsaan Lubuk Chempedak,PPD LANGKAWI
KBA6002,Sekolah Kebangsaan Bayas,PPD LANGKAWI
KBA6003,Sekolah Kebangsaan Ewa,PPD LANGKAWI
KBA6004,Sekolah Kebangsaan Kedawang,PPD LANGKAWI
KBA6006,Sekolah Kebangsaan Seri Negeri,PPD LANGKAWI
KBA6007,Sekolah Kebangsaan Kuala Teriang,PPD LANGKAWI
KBA6008,Sekolah Kebangsaan Padang Matsirat,PPD LANGKAWI
KBA6009,Sekolah Kebangsaan Pulau Tuba,PPD LANGKAWI
KBA6010,Sekolah Kebangsaan Seri Lagenda,PPD LANGKAWI
KBA6011,Sekolah Kebangsaan Temonyong,PPD LANGKAWI
KBA6012,Sekolah Kebangsaan Ulu Melaka,PPD LANGKAWI
KBA6013,Sekolah Kebangsaan Langkawi,PPD LANGKAWI
KBA6020,Sekolah Kebangsaan Slt Bagan Nyior,PPD LANGKAWI
KBA6021,Sekolah Kebangsaan Nyior Chabang,PPD LANGKAWI
KBA6022,Sekolah Kebangsaan Kilim,PPD LANGKAWI
KBA6023,Sekolah Kebangsaan Sg Menghulu,PPD LANGKAWI
KBA7001,Sekolah Kebangsaan Bukit Tembaga,PPD PADANG TERAP
KBA7002,Sekolah Kebangsaan Kuala Nerang,PPD PADANG TERAP
KBA7003,Sekolah Kebangsaan Kurong Hitam,PPD PADANG TERAP
KBA7004,Sekolah Kebangsaan Toh Puan Sharifah Hanifah,PPD PADANG TERAP
KBA7005,Sekolah Kebangsaan Naka,PPD PADANG TERAP
KBA7006,Sekolah Kebangsaan Panglima Awang,PPD PADANG TERAP
KBA7007,Sekolah Kebangsaan Nami,PPD PADANG TERAP
KBA7008,Sekolah Kebangsaan Padang Sanai,PPD PADANG TERAP
KBA7009,Sekolah Kebangsaan Padang Terap,PPD PADANG TERAP
KBA7010,Sekolah Kebangsaan Tandop Besar,PPD PADANG TERAP
KBA7011,Sekolah Kebangsaan Datin Fatimah,PPD PADANG TERAP
KBA7012,Sekolah Kebangsaan Pedu,PPD PADANG TERAP
KBA7013,Sekolah Kebangsaan Kampong Belukar,PPD PADANG TERAP
KBA7014,Sekolah Kebangsaan Tualak,PPD PADANG TERAP
KBA7015,Sekolah Kebangsaan Lubuk Merbau,PPD PADANG TERAP
KBA7016,Sekolah Kebangsaan Perik,PPD PADANG TERAP
KBA7018,Sekolah Kebangsaan Lamdin,PPD PADANG TERAP
KBA7019,Sekolah Kebangsaan Kubang Palas,PPD PADANG TERAP
KBA7020,Sekolah Kebangsaan Seri Bakti,PPD PADANG TERAP
KBA8001,Sekolah Kebangsaan Batu Lima,PPD SIK
KBA8002,Sekolah Kebangsaan Chepir,PPD SIK
KBA8003,Sekolah Kebangsaan Gulau,PPD SIK
KBA8004,Sekolah Kebangsaan Hujong Bandar,PPD SIK
KBA8005,Sekolah Kebangsaan Jeneri,PPD SIK
KBA8006,Sekolah Kebangsaan Kg Betong,PPD SIK
KBA8007,Sekolah Kebangsaan Hj Hussain,PPD SIK
KBA8008,Sekolah Kebangsaan Kg Kota Bukit,PPD SIK
KBA8009,Sekolah Kebangsaan Seri Ampang Muda,PPD SIK
KBA8010,Sekolah Kebangsaan Chemara,PPD SIK
KBA8011,Sekolah Kebangsaan Kalai,PPD SIK
KBA8012,Sekolah Kebangsaan Paya Terendam,PPD SIK
KBA8013,Sekolah Kebangsaan Padang Chichak,PPD SIK
KBA8014,Sekolah Kebangsaan Sik,PPD SIK
KBA8015,Sekolah Kebangsaan Bandar Baru Beris Jaya,PPD SIK
KBA8016,Sekolah Kebangsaan Teloi Tua,PPD SIK
KBA8017,Sekolah Kebangsaan Danglau,PPD SIK
KBA8018,Sekolah Kebangsaan Sik Dalam,PPD SIK
KBA8019,Sekolah Kebangsaan Kota Aur,PPD SIK
KBA8020,Sekolah Kebangsaan Batu 8,PPD SIK
KBA8021,Sekolah Kebangsaan Teloi Timur,PPD SIK
KBA9001,Sekolah Kebangsaan Guar Chempedak,PPD YAN
KBA9002,Sekolah Kebangsaan Padang Lumat,PPD YAN
KBA9003,Sekolah Kebangsaan Sungai Kering,PPD YAN
KBA9004,Sekolah Kebangsaan Sungai Limau,PPD YAN
KBA9005,Sekolah Kebangsaan Haji Kassim Jasin,PPD YAN
KBA9006,Sekolah Kebangsaan Ulu Sedaka,PPD YAN
KBA9007,Sekolah Kebangsaan Dulang,PPD YAN
KBA9008,Sekolah Kebangsaan Kampong Pauh,PPD YAN
KBA9009,Sekolah Kebangsaan Kampong Setar,PPD YAN
KBA9010,Sekolah Kebangsaan Langkasuka,PPD YAN
KBA9011,Sekolah Kebangsaan Tok Mat Salleh,PPD YAN
KBA9012,Sekolah Kebangsaan Teroi,PPD YAN
KBA9013,Sekolah Kebangsaan Yan Kechil,PPD YAN
KBA9014,Sekolah Kebangsaan Hj Nyak Gam,PPD YAN
KBA9016,Sekolah Kebangsaan Bukit Besar,PPD YAN
KBA9017,Sekolah Kebangsaan Permatang Buloh,PPD YAN
KBA9018,Sekolah Kebangsaan Sungai Dedap,PPD YAN
KBA9019,Sekolah Kebangsaan Simpang Tiga Sg Daun,PPD YAN
KBA9020,Sekolah Kebangsaan Sungai Daun Tengah,PPD YAN
KBA9021,Sekolah Kebangsaan Singkir,PPD YAN
KBA9022,Sekolah Kebangsaan Haji Hussin Dol,PPD YAN
KBAA004,Sekolah Kebangsaan Kubor Panjang,PPD PENDANG
KBAA005,Sekolah Kebangsaan Padang Durian,PPD PENDANG
KBAA006,Sekolah Kebangsaan Pokok Asam,PPD PENDANG
KBAA035,Sekolah Kebangsaan Paya Rawa,PPD PENDANG
KBAA046,Sekolah Kebangsaan Penghulu Jusoh,PPD PENDANG
KBAA048,Sekolah Kebangsaan Alor Besar,PPD PENDANG
KBAA050,Sekolah Kebangsaan Bkt Choras,PPD PENDANG
KBAA051,Sekolah Kebangsaan Bkt Raya Dalam,PPD PENDANG
KBAA052,Sekolah Kebangsaan Haji Abdul Rahman,PPD PENDANG
KBAA053,Sekolah Kebangsaan Charok Kudong,PPD PENDANG
KBAA054,Sekolah Kebangsaan Guar Kepayang,PPD PENDANG
KBAA056,Sekolah Kebangsaan Kg Rambai,PPD PENDANG
KBAA057,Sekolah Kebangsaan Kg Chegar,PPD PENDANG
KBAA059,Sekolah Kebangsaan Pendang,PPD PENDANG
KBAA060,Sekolah Kebangsaan Kampong Baru,PPD PENDANG
KBAA062,Sekolah Kebangsaan Sungai Tiang,PPD PENDANG
KBAA063,Sekolah Kebangsaan Tanah Merah,PPD PENDANG
KBAA067,Sekolah Kebangsaan Ayer Puteh,PPD PENDANG
KBAA068,Sekolah Kebangsaan Hj Mohamad Ariff,PPD PENDANG
KBAA069,Sekolah Kebangsaan Bukit Jenun,PPD PENDANG
KBAA070,Sekolah Kebangsaan Bukit Jambul,PPD PENDANG
KBAA071,Sekolah Kebangsaan Bukit Genting,PPD PENDANG
KBAA075,Sekolah Kebangsaan Kuala Rimau,PPD PENDANG
KBAA076,Sekolah Kebangsaan Pokok Tai,PPD PENDANG
KBAA077,Sekolah Kebangsaan Haji Mat Dahan,PPD PENDANG
KBAA078,Sekolah Kebangsaan Syed Ibrahim,PPD PENDANG
KBAA083,Sekolah Kebangsaan Bendang Raja,PPD PENDANG
KBAA158,Sekolah Kebangsaan Kampung Pulai Tokai,PPD PENDANG
KBAA159,Sekolah Kebangsaan Paya Mengkuang,PPD PENDANG
KBAA160,Sekolah Kebangsaan Hujung Keton,PPD PENDANG
KBAA161,Sekolah Kebangsaan Paya Mak Insun,PPD PENDANG
KBAA162,Sekolah Kebangsaan Tunku Intan Safinaz,PPD PENDANG
KBAA163,Sekolah Kebangsaan Sungai Siput,PPD PENDANG
KBAB001,Sekolah Kebangsaan Wan Abdul Samad,PPD KOTA SETAR
KBAB002,Sekolah Kebangsaan Kampong Bukit,PPD KOTA SETAR
KBAB003,Sekolah Kebangsaan Kuala Lanjut,PPD KOTA SETAR
KBAB004,Sekolah Kebangsaan Bukit Tampoi,PPD KOTA SETAR
KBAB005,Sekolah Kebangsaan Jabi,PPD KOTA SETAR
KBAB006,Sekolah Kebangsaan Nawa,PPD KOTA SETAR
KBAB007,Sekolah Kebangsaan Telaga Mas,PPD KOTA SETAR
KBAB008,Sekolah Kebangsaan Teluk Jamat,PPD KOTA SETAR
KBAB009,Sekolah Kebangsaan Tualang,PPD KOTA SETAR
KBAB010,Sekolah Kebangsaan Bukit Payong,PPD KOTA SETAR
KBAB011,Sekolah Kebangsaan Bukit Hijau,PPD KOTA SETAR
KBAB012,Sekolah Kebangsaan Kg Paya,PPD KOTA SETAR
KBAB013,Sekolah Kebangsaan Kubang Leret,PPD KOTA SETAR
KBAB014,Sekolah Kebangsaan Pokok Sena,PPD KOTA SETAR
KBAB015,Sekolah Kebangsaan Bukit Pak Kiau,PPD KOTA SETAR
KBB0033,Sekolah Kebangsaan Batu Pekaka,PPD BALING
KBB0034,Sekolah Kebangsaan Tunku Putera,PPD BALING
KBB1015,Sekolah Kebangsaan Permatang Pasir,PPD KULIM/BANDAR BAHARU
KBB1016,Sekolah Kebangsaan Jalan Selama,PPD KULIM/BANDAR BAHARU
KBB2079,Sekolah Kebangsaan Sri Gunong,PPD KOTA SETAR
KBB2080,Sekolah Kebangsaan Bohor,PPD KOTA SETAR
KBB2081,Sekolah Kebangsaan Iskandar,PPD KOTA SETAR
KBB2082,Sekolah Kebangsaan Hj Mohd Shariff,PPD KOTA SETAR
KBB2083,Sekolah Kebangsaan Tunku Abdul Halim,PPD KOTA SETAR
KBB2084,Sekolah Kebangsaan Alor Setar,PPD KOTA SETAR
KBB2085,Sekolah Kebangsaan Sultanah Asma,PPD KOTA SETAR
KBB2086,Sekolah Kebangsaan Convent,PPD KOTA SETAR
KBB3038,Sekolah Kebangsaan Seri Aman,PPD YAN
KBB3039,Sekolah Kebangsaan Father Barre'S Convent,PPD KUALA MUDA
KBB3040,Sekolah Kebangsaan Ibrahim,PPD KUALA MUDA
KBB3041,Sekolah Kebangsaan St Theresa,PPD KUALA MUDA
KBB4033,Sekolah Kebangsaan Sultan Ahmad Tajuddin,PPD KUBANG PASU
KBB5021,Sekolah Kebangsaan St Anne'S Convent,PPD KULIM/BANDAR BAHARU
KBB5023,Sekolah Kebangsaan Tunku Abdul Malik,PPD KULIM/BANDAR BAHARU
KBB7016,Sekolah Kebangsaan Tunku Abdul Rahman Putra,PPD PADANG TERAP
KBC0040,Sekolah Jenis Kebangsaan (Cina) Chin Hwa,PPD BALING
KBC0041,Sekolah Jenis Kebangsaan (Cina) Kong Min,PPD BALING
KBC0042,Sekolah Jenis Kebangsaan (Cina) Kampung Lalang,PPD BALING
KBC0043,Sekolah Jenis Kebangsaan (Cina) Kuala Ketil,PPD BALING
KBC0044,Sekolah Jenis Kebangsaan (Cina) Peng Min,PPD BALING
KBC0045,Sekolah Jenis Kebangsaan (Cina) Seng Yok,PPD BALING
KBC0046,Sekolah Jenis Kebangsaan (Cina) Yeok Chee,PPD BALING
KBC1019,Sekolah Jenis Kebangsaan (Cina) Cheong Chen,PPD KULIM/BANDAR BAHARU
KBC1020,Sekolah Jenis Kebangsaan (Cina) Kwang Hwa Ski,PPD KULIM/BANDAR BAHARU
KBC1021,Sekolah Jenis Kebangsaan (Cina) Kwang Hwa,PPD KULIM/BANDAR BAHARU
KBC1022,Sekolah Jenis Kebangsaan (Cina) Poay Chai,PPD KULIM/BANDAR BAHARU
KBC1023,Sekolah Jenis Kebangsaan (Cina) Serdang,PPD KULIM/BANDAR BAHARU
KBC1024,Sekolah Jenis Kebangsaan (Cina) Yeok Kheong,PPD KULIM/BANDAR BAHARU
KBC2109,Sekolah Jenis Kebangsaan (Cina) Boon Hwa,PPD KOTA SETAR
KBC2112,Sekolah Jenis Kebangsaan (Cina) Cheng Yu,PPD KOTA SETAR
KBC2113,Sekolah Jenis Kebangsaan (Cina) Eik Choon,PPD KOTA SETAR
KBC2115,Sekolah Jenis Kebangsaan (Cina) Keat Hwa (K),PPD KOTA SETAR
KBC2116,Sekolah Jenis Kebangsaan (Cina) Keat Hwa (H),PPD KOTA SETAR
KBC2117,Sekolah Jenis Kebangsaan (Cina) Keat Hwa (S),PPD KOTA SETAR
KBC2118,Sekolah Jenis Kebangsaan (Cina) Kee Chee,PPD KOTA SETAR
KBC2119,Sekolah Jenis Kebangsaan (Cina) Long Seong,PPD KOTA SETAR
KBC2121,Sekolah Jenis Kebangsaan (Cina) Long Chuan,PPD KOTA SETAR
KBC2122,Sekolah Jenis Kebangsaan (Cina) Min Sin,PPD KOTA SETAR
KBC2123,Sekolah Jenis Kebangsaan (Cina) Nan Kwang,PPD KOTA SETAR
KBC2124,Sekolah Jenis Kebangsaan (Cina) Pumpong,PPD KOTA SETAR
KBC2125,Sekolah Jenis Kebangsaan (Cina) Peng Min,PPD KOTA SETAR
KBC2126,Sekolah Jenis Kebangsaan (Cina) Pei Hwa,PPD KOTA SETAR
KBC2127,Sekolah Jenis Kebangsaan (Cina) Pei Shih,PPD KOTA SETAR
KBC2128,Sekolah Jenis Kebangsaan (Cina) Soon Jian,PPD KOTA SETAR
KBC2129,Sekolah Jenis Kebangsaan (Cina) Soon Cheng,PPD KOTA SETAR
KBC2130,Sekolah Jenis Kebangsaan (Cina) Sin Min,PPD KOTA SETAR
KBC2132,Sekolah Jenis Kebangsaan (Cina) Tai Chong,PPD KOTA SETAR
KBC2133,Sekolah Jenis Kebangsaan (Cina) Yih Min,PPD KOTA SETAR
KBC2135,Sekolah Jenis Kebangsaan (Cina) Yih Choon,PPD KOTA SETAR
KBC3058,Sekolah Jenis Kebangsaan (Cina) Ching Chong,PPD KUALA MUDA
KBC3059,Sekolah Jenis Kebangsaan (Cina) Choong Cheng,PPD KUALA MUDA
KBC3060,Sekolah Jenis Kebangsaan (Cina) Choong Hwa,PPD YAN
KBC3061,Sekolah Jenis Kebangsaan (Cina) Chung Hwa,PPD KUALA MUDA
KBC3062,Sekolah Jenis Kebangsaan (Cina) Fuh Sun,PPD KUALA MUDA
KBC3063,Sekolah Jenis Kebangsaan (Cina) Hoon Bong,PPD KUALA MUDA
KBC3064,Sekolah Jenis Kebangsaan (Cina) Jeniang,PPD YAN
KBC3065,Sekolah Jenis Kebangsaan (Cina) Min Terk,PPD KUALA MUDA
KBC3066,Sekolah Jenis Kebangsaan (Cina) Mah Wah,PPD YAN
KBC3067,Sekolah Jenis Kebangsaan (Cina) Sin Kuo Min,PPD YAN
KBC3068,Sekolah Jenis Kebangsaan (Cina) Peng Min,PPD KUALA MUDA
KBC3069,Sekolah Jenis Kebangsaan (Cina) Sin Kwang,PPD KUALA MUDA
KBC3070,Sekolah Jenis Kebangsaan (Cina) Sin Min 'A',PPD KUALA MUDA
KBC3071,Sekolah Jenis Kebangsaan (Cina) Sin Min 'B',PPD KUALA MUDA
KBC3072,Sekolah Jenis Kebangsaan (Cina) Sin Hwa,PPD KUALA MUDA
KBC3073,Sekolah Jenis Kebangsaan (Cina) Tai Tong,PPD KUALA MUDA
KBC3104,Sekolah Jenis Kebangsaan (Cina) Pekan Lama,PPD KUALA MUDA
KBC3105,Sekolah Jenis Kebangsaan (Cina) Lin Khay,PPD KUALA MUDA
KBC3106,Sekolah Jenis Kebangsaan (Cina) Poi Chee,PPD KUALA MUDA
KBC4042,Sekolah Jenis Kebangsaan (Cina) Chung Hwa,PPD KUBANG PASU
KBC4043,Sekolah Jenis Kebangsaan (Cina) Choong Hwa,PPD KUBANG PASU
KBC4044,Sekolah Jenis Kebangsaan (Cina) Chee Nan,PPD KUBANG PASU
KBC4045,Sekolah Jenis Kebangsaan (Cina) Hwa Min,PPD KUBANG PASU
KBC4046,Sekolah Jenis Kebangsaan (Cina) Lam Min,PPD KUBANG PASU
KBC4047,Sekolah Jenis Kebangsaan (Cina) Pei Min,PPD KUBANG PASU
KBC4048,Sekolah Jenis Kebangsaan (Cina) Yit Min,PPD KUBANG PASU
KBC4049,Sekolah Jenis Kebangsaan (Cina) Yuh Min,PPD KUBANG PASU
KBC5032,Sekolah Jenis Kebangsaan (Cina) Aik Chee,PPD KULIM/BANDAR BAHARU
KBC5033,Sekolah Jenis Kebangsaan (Cina) Chio Min 'A',PPD KULIM/BANDAR BAHARU
KBC5034,Sekolah Jenis Kebangsaan (Cina) Chio Min 'B',PPD KULIM/BANDAR BAHARU
KBC5035,Sekolah Jenis Kebangsaan (Cina) Chong Cheng,PPD KULIM/BANDAR BAHARU
KBC5036,Sekolah Jenis Kebangsaan (Cina) Hua Min,PPD KULIM/BANDAR BAHARU
KBC5037,Sekolah Jenis Kebangsaan (Cina) Hwa Min,PPD KULIM/BANDAR BAHARU
KBC5038,Sekolah Jenis Kebangsaan (Cina) Khai Min,PPD KULIM/BANDAR BAHARU
KBC5039,Sekolah Jenis Kebangsaan (Cina) Kong Min,PPD KULIM/BANDAR BAHARU
KBC5040,Sekolah Jenis Kebangsaan (Cina) Sin Min,PPD KULIM/BANDAR BAHARU
KBC5041,Sekolah Jenis Kebangsaan (Cina) Sin Teong Mahang,PPD KULIM/BANDAR BAHARU
KBC5042,Sekolah Jenis Kebangsaan (Cina) Shang Cheng,PPD KULIM/BANDAR BAHARU
KBC5043,Sekolah Jenis Kebangsaan (Cina) Kelang Lama,PPD KULIM/BANDAR BAHARU
KBC6017,Sekolah Jenis Kebangsaan (Cina) Chung Hwa,PPD LANGKAWI
KBC6018,Sekolah Jenis Kebangsaan (Cina) Min Nam,PPD LANGKAWI
KBC7019,Sekolah Jenis Kebangsaan (Cina) Kou Hua,PPD PADANG TERAP
KBC8019,Sekolah Jenis Kebangsaan (Cina) Chung Hwa,PPD SIK
KBC9025,Sekolah Jenis Kebangsaan (Cina) Aik Min,PPD YAN
KBC9026,Sekolah Jenis Kebangsaan (Cina) Chung Hwa,PPD YAN
KBC9027,Sekolah Jenis Kebangsaan (Cina) Pei Eng,PPD YAN
KBC9028,Sekolah Jenis Kebangsaan (Cina) Pei Hwa,PPD YAN
KBC9029,Sekolah Jenis Kebangsaan (Cina) Yuk Min,PPD YAN
KBC9030,Sekolah Jenis Kebangsaan (Cina) Yang Kao,PPD YAN
KBC9031,Sekolah Jenis Kebangsaan (Cina) York Khoon,PPD YAN
KBCA110,Sekolah Jenis Kebangsaan (Cina) Boon Teik,PPD PENDANG
KBCA114,Sekolah Jenis Kebangsaan (Cina) Junun,PPD PENDANG
KBCA134,Sekolah Jenis Kebangsaan (Cina) Yeang Cheng,PPD PENDANG
KBCB001,Sekolah Jenis Kebangsaan (Cina) Chung Hwa,PPD KOTA SETAR
KBCB002,Sekolah Jenis Kebangsaan (Cina) Tong Yuh,PPD KOTA SETAR
KBD0048,Sekolah Jenis Kebangsaan (Tamil) Ldg Badenoch,PPD BALING
KBD0050,Sekolah Jenis Kebangsaan (Tamil) Binjol,PPD BALING
KBD0052,Sekolah Jenis Kebangsaan (Tamil) Ldg Bukit Sembilan,PPD BALING
KBD0053,Sekolah Jenis Kebangsaan (Tamil) Ldg Katumba,PPD BALING
KBD0054,Sekolah Jenis Kebangsaan (Tamil) Ldg Kuala Ketil,PPD BALING
KBD0055,Sekolah Jenis Kebangsaan (Tamil) Ldg Batu Pekaka,PPD BALING
KBD0056,Sekolah Jenis Kebangsaan (Tamil) Ldg Kim Seng,PPD BALING
KBD0057,Sekolah Jenis Kebangsaan (Tamil) Ladang Malakoff,PPD BALING
KBD0058,Sekolah Jenis Kebangsaan (Tamil) Ldg Kupang,PPD BALING
KBD0059,Sekolah Jenis Kebangsaan (Tamil) Ldg Pelam,PPD BALING
KBD1025,Sekolah Jenis Kebangsaan (Tamil) Ladang Buntar,PPD KULIM/BANDAR BAHARU
KBD1026,Sekolah Jenis Kebangsaan (Tamil) Ganesar,PPD KULIM/BANDAR BAHARU
KBD2137,Sekolah Jenis Kebangsaan (Tamil) Barathy,PPD KOTA SETAR
KBD2138,Sekolah Jenis Kebangsaan (Tamil) Thiruvalluvar,PPD KOTA SETAR
KBD3074,Sekolah Jenis Kebangsaan (Tamil) Bedong,PPD YAN
KBD3075,Sekolah Jenis Kebangsaan (Tamil) Harvard Bhg I,PPD YAN
KBD3076,Sekolah Jenis Kebangsaan (Tamil) Harvard 2,PPD YAN
KBD3077,Sekolah Jenis Kebangsaan (Tamil) Ladang Harvard Bhg 3,PPD YAN
KBD3078,Sekolah Jenis Kebangsaan (Tamil) Ldg Sg Batu,PPD KUALA MUDA
KBD3079,Sekolah Jenis Kebangsaan (Tamil) Ldg Sungai Bongkok,PPD YAN
KBD3080,Sekolah Jenis Kebangsaan (Tamil) Ldg Sungai Puntar,PPD YAN
KBD3081,Sekolah Jenis Kebangsaan (Tamil) Sungai Tok Pawang,PPD YAN
KBD3082,Sekolah Jenis Kebangsaan (Tamil) Ldg Tupah,PPD KUALA MUDA
KBD3083,Sekolah Jenis Kebangsaan (Tamil) Ladang Sungkap Para,PPD KUALA MUDA
KBD3084,Sekolah Jenis Kebangsaan (Tamil) Arumugam Pillai,PPD KUALA MUDA
KBD3085,Sekolah Jenis Kebangsaan (Tamil) Tun Sambanthan,PPD KUALA MUDA
KBD3086,Sekolah Jenis Kebangsaan (Tamil) Kalaimagal,PPD KUALA MUDA
KBD3087,Sekolah Jenis Kebangsaan (Tamil) Mahajothi,PPD KUALA MUDA
KBD3088,Sekolah Jenis Kebangsaan (Tamil) Ldg Kuala Muda Bhg Home,PPD KUALA MUDA
KBD3090,Sekolah Jenis Kebangsaan (Tamil) Ldg Patani Para,PPD KUALA MUDA
KBD3091,Sekolah Jenis Kebangsaan (Tamil) Ldg Scarboro Bhg 2,PPD KUALA MUDA
KBD3093,Sekolah Jenis Kebangsaan (Tamil) Somasundram,PPD KUALA MUDA
KBD3094,Sekolah Jenis Kebangsaan (Tamil) Saraswathy,PPD KUALA MUDA
KBD3095,Sekolah Jenis Kebangsaan (Tamil) Sungai Getah,PPD KUALA MUDA
KBD3096,Sekolah Jenis Kebangsaan (Tamil) Palanisamy Kumaran,PPD KUALA MUDA
KBD3097,Sekolah Jenis Kebangsaan (Tamil) Ldg Lubok Segintah,PPD KUALA MUDA
KBD3106,Sekolah Jenis Kebangsaan (Tamil) Kalaivaani,PPD YAN
KBD3107,Sekolah Jenis Kebangsaan (Tamil) Taman Keladi,PPD KUALA MUDA
KBD4050,Sekolah Jenis Kebangsaan (Tamil) Changlun,PPD KUBANG PASU
KBD4051,Sekolah Jenis Kebangsaan (Tamil) Ldg Paya Kamunting,PPD KUBANG PASU
KBD4052,Sekolah Jenis Kebangsaan (Tamil) Darul Aman,PPD KUBANG PASU
KBD5043,Sekolah Jenis Kebangsaan (Tamil) Ladang Bukit Selarong,PPD KULIM/BANDAR BAHARU
KBD5044,Sekolah Jenis Kebangsaan (Tamil) Ladang Henrietta,PPD KULIM/BANDAR BAHARU
KBD5046,Sekolah Jenis Kebangsaan (Tamil) Ladang Padang Meiha,PPD KULIM/BANDAR BAHARU
KBD5047,Sekolah Jenis Kebangsaan (Tamil) Ladang Victoria,PPD KULIM/BANDAR BAHARU
KBD5048,Sekolah Jenis Kebangsaan (Tamil) Ladang Wellesley,PPD KULIM/BANDAR BAHARU
KBD5049,Sekolah Jenis Kebangsaan (Tamil) Ladang Anak Kulim,PPD KULIM/BANDAR BAHARU
KBD5050,Sekolah Jenis Kebangsaan (Tamil) Ladang Bagan Sena,PPD KULIM/BANDAR BAHARU
KBD5051,Sekolah Jenis Kebangsaan (Tamil) Ladang Bukit Mertajam,PPD KULIM/BANDAR BAHARU
KBD5052,Sekolah Jenis Kebangsaan (Tamil) Ladang Bukit Sidim,PPD KULIM/BANDAR BAHARU
KBD5053,Sekolah Jenis Kebangsaan (Tamil) Kulim,PPD KULIM/BANDAR BAHARU
KBD5054,Sekolah Jenis Kebangsaan (Tamil) Ladang Sungai Ular,PPD KULIM/BANDAR BAHARU
KBD5055,Sekolah Jenis Kebangsaan (Tamil) Ladang Sungai Dingin,PPD KULIM/BANDAR BAHARU
KBD5056,Sekolah Jenis Kebangsaan (Tamil) Ladang Dublin Bhg 5,PPD KULIM/BANDAR BAHARU
KBD5058,Sekolah Jenis Kebangsaan (Tamil) Ladang Dublin Bhg. 7,PPD KULIM/BANDAR BAHARU
KBD5060,Sekolah Jenis Kebangsaan (Tamil) Ladang Somme,PPD KULIM/BANDAR BAHARU
KBD5061,Sekolah Jenis Kebangsaan (Tamil) Ko Sarangapany,PPD KULIM/BANDAR BAHARU
KBD6019,Sekolah Jenis Kebangsaan (Tamil) Ladang Sungai Raya,PPD LANGKAWI
KBDA140,Sekolah Jenis Kebangsaan (Tamil) Ladang Bukit Jenun,PPD PENDANG
KBDB001,Sekolah Jenis Kebangsaan (Tamil) Ladang Jabi,PPD KOTA SETAR
KBE3011,Sekolah Kebangsaan Merbok (Pusat),PPD KUALA MUDA
KBE3043,Sekolah Kebangsaan Tuan Syed Jan Al-Jaffri,PPD KUALA MUDA
KBE4023,Sekolah Kebangsaan Tunku Bendahara,PPD KUBANG PASU
KBE4024,Sekolah Kebangsaan Tunjang,PPD KUBANG PASU
KBE6001,Sekolah Kebangsaan Penghulu Ahmad,PPD LANGKAWI
KBE6005,Sekolah Kebangsaan Kelibang,PPD LANGKAWI
KBE8017,Sekolah Kebangsaan Seri Dusun,PPD SIK
KCA5001,Sekolah Rendah Islam Nurul Hidayah Penghulu Elang,PPD KULIM/BANDAR BAHARU
KCAA001,Sekolah Rendah Islam Tarbiah Al-Awladiah,PPD PENDANG
KCT3001,Sekolah Rendah Akademi Islam Hj. Abdullah Suboh,PPD KUALA MUDA
KCT3002,Sekolah Rendah Islam Al-Ihsaniah,PPD KUALA MUDA
KEA0035,Sekolah Menengah Kebangsaan Baling,PPD BALING
KEA0036,Sekolah Menengah Kebangsaan Siong,PPD BALING
KEA0064,Sekolah Menengah Kebangsaan Teloi Kanan,PPD BALING
KEA0065,Sekolah Menengah Kebangsaan Tanjong Puteri,PPD BALING
KEA0067,Sekolah Menengah Kebangsaan Jerai,PPD BALING
KEA0068,Sekolah Menengah Kebangsaan Parit Panjang,PPD BALING
KEA0069,Sekolah Menengah Kebangsaan Syed Abu Bakar,PPD BALING
KEA0070,Sekolah Model Khas Baling,PPD BALING
KEA0071,Sekolah Menengah Kebangsaan Bakai,PPD BALING
KEA0072,Sekolah Menengah Kebangsaan Bongor,PPD BALING
KEA1001,Sekolah Menengah Kebangsaan Selama,PPD KULIM/BANDAR BAHARU
KEA1002,Sekolah Menengah Kebangsaan Lubuk Buntar,PPD KULIM/BANDAR BAHARU
KEA1003,Sekolah Menengah Kebangsaan Serdang Baru,PPD KULIM/BANDAR BAHARU
KEA2090,Sekolah Menengah Kebangsaan Sultanah Bahiyah,PPD KOTA SETAR
KEA2091,Sekolah Menengah Kebangsaan Dato' Syed Omar,PPD KOTA SETAR
KEA2093,Sekolah Menengah Kebangsaan Kepala Batas,PPD KOTA SETAR
KEA2094,Kolej Tingkatan Enam Alor Setar,PPD KOTA SETAR
KEA2095,Sekolah Menengah Kebangsaan Langgar,PPD KOTA SETAR
KEA2096,Sekolah Menengah Kebangsaan Dato'Wan Mohd Saman,PPD KOTA SETAR
KEA2097,Sekolah Menengah Kebangsaan Keat Hwa 2,PPD KOTA SETAR
KEA2161,Sekolah Menengah Kebangsaan Tajar,PPD KOTA SETAR
KEA2179,Sekolah Menengah Kebangsaan Syed Mohamed Al-Bukhary,PPD KOTA SETAR
KEA2180,Sekolah Menengah Kebangsaan Mergong,PPD KOTA SETAR
KEA2182,Sekolah Menengah Kebangsaan Simpang Kuala,PPD KOTA SETAR
KEA2183,Sekolah Menengah Kebangsaan Kubang Rotan,PPD KOTA SETAR
KEA2185,Sekolah Menengah Kebangsaan Seri Pantai,PPD KOTA SETAR
KEA2186,Kolej Tingkatan Enam Sultan Sallehuddin,PPD KOTA SETAR
KEA2187,Sekolah Menengah Kebangsaan Seri Ampang,PPD KOTA SETAR
KEA2188,Sekolah Menengah Kebangsaan Alor Merah,PPD KOTA SETAR
KEA3046,Sekolah Menengah Kebangsaan Khir Johari,PPD KUALA MUDA
KEA3105,Sekolah Menengah Kebangsaan Tunku Ismail,PPD KUALA MUDA
KEA3106,Sekolah Menengah Kebangsaan Sungai Pasir,PPD KUALA MUDA
KEA3107,Sekolah Menengah Kebangsaan Kota Kuala Muda,PPD KUALA MUDA
KEA3108,Sekolah Menengah Kebangsaan Bukit Selambau,PPD KUALA MUDA
KEA3109,Sekolah Menengah Kebangsaan Bandar Sungai Petani,PPD KUALA MUDA
KEA3111,Sekolah Menengah Kebangsaan Aman Jaya,PPD KUALA MUDA
KEA3112,Sekolah Menengah Kebangsaan Batu 5 Jalan Jeniang,PPD YAN
KEA3113,Sekolah Menengah Kebangsaan Sungai Layar,PPD KUALA MUDA
KEA3114,Sekolah Menengah Kebangsaan Taman Ria Jaya,PPD KUALA MUDA
KEA3115,Sekolah Menengah Kebangsaan Pengkalan Lebai Man,PPD KUALA MUDA
KEA3116,Sekolah Menengah Kebangsaan Pinang Tunggal,PPD KUALA MUDA
KEA3117,Sekolah Menengah Kebangsaan Bakar Arang,PPD KUALA MUDA
KEA3118,Sekolah Menengah Kebangsaan Teluk Bayu,PPD KUALA MUDA
KEA3119,Sekolah Menengah Kebangsaan Sungai Pasir Kecil,PPD KUALA MUDA
KEA3120,Sekolah Menengah Kebangsaan Taman Ria,PPD KUALA MUDA
KEA3121,Sekolah Menengah Kebangsaan Bandar Puteri Jaya,PPD KUALA MUDA
KEA3122,Sekolah Menengah Pendidikan Khas Vokasional Merbok,PPD KUALA MUDA
KEA3123,Sekolah Menengah Kebangsaan Bandar Baru Sungai Lalang,PPD KUALA MUDA
KEA4035,Sekolah Menengah Kebangsaan Bandar Bukit Kayu Hitam,PPD KUBANG PASU
KEA4036,Sekolah Menengah Sultan Abdul Halim,PPD KUBANG PASU
KEA4037,Sekolah Menengah Kebangsaan Sanglang,PPD KUBANG PASU
KEA4038,Sekolah Menengah Kebangsaan Tunku Seri Indera Putera,PPD KUBANG PASU
KEA4058,Sekolah Menengah Kebangsaan Changlun,PPD KUBANG PASU
KEA4059,Sekolah Menengah Kebangsaan Permatang Bonglai,PPD KUBANG PASU
KEA4060,Sekolah Menengah Kebangsaan Megat Dewa,PPD KUBANG PASU
KEA4061,Sekolah Menengah Kebangsaan Tunku Anum Tunku Abdul Rahman,PPD KUBANG PASU
KEA4062,Sekolah Menengah Kebangsaan Hosba,PPD KUBANG PASU
KEA4063,Sekolah Menengah Kebangsaan Tanjung Pauh,PPD KUBANG PASU
KEA4065,Sekolah Menengah Kebangsaan Bandar Baru Sintok,PPD KUBANG PASU
KEA4066,Sekolah Menengah Kebangsaan Bandar Baru Darulaman,PPD KUBANG PASU
KEA4067,Sekolah Menengah Kebangsaan Paya Kemunting,PPD KUBANG PASU
KEA4068,Sekolah Menengah Sains Kubang Pasu,PPD KUBANG PASU
KEA4069,Sekolah Menengah Kebangsaan Darul Aman Height 1,PPD KUBANG PASU
KEA4070,Sekolah Menengah Kebangsaan Jerlun,PPD KUBANG PASU
KEA5023,Sekolah Menengah Kebangsaan Sungai Kob,PPD KULIM/BANDAR BAHARU
KEA5024,Sekolah Menengah Kebangsaan Kulim,PPD KULIM/BANDAR BAHARU
KEA5025,Sekolah Menengah Kebangsaan Dato Lela Pahlawan,PPD KULIM/BANDAR BAHARU
KEA5026,Sekolah Menengah Kebangsaan Keladi,PPD KULIM/BANDAR BAHARU
KEA5067,Sekolah Menengah Kebangsaan Labu Besar,PPD KULIM/BANDAR BAHARU
KEA5068,Sekolah Menengah Kebangsaan Sungai Karangan,PPD KULIM/BANDAR BAHARU
KEA5069,Sekolah Menengah Kebangsaan Lunas,PPD KULIM/BANDAR BAHARU
KEA5070,Sekolah Menengah Kebangsaan Junjung,PPD KULIM/BANDAR BAHARU
KEA5071,Sekolah Menengah Kebangsaan Taman Selasih,PPD KULIM/BANDAR BAHARU
KEA5072,Sekolah Menengah Kebangsaan Taman Kenari,PPD KULIM/BANDAR BAHARU
KEA5073,Sekolah Menengah Kebangsaan Jalan Paya Besar,PPD KULIM/BANDAR BAHARU
KEA5074,Sekolah Menengah Kebangsaan Air Merah,PPD KULIM/BANDAR BAHARU
KEA5075,Sekolah Menengah Kebangsaan Taman Hitech,PPD KULIM/BANDAR BAHARU
KEA5076,Sekolah Menengah Kebangsaan Tengku Sarafudin Badlishah,PPD KULIM/BANDAR BAHARU
KEA5077,Sekolah Menengah Kebangsaan Taman Mutiara,PPD KULIM/BANDAR BAHARU
KEA5078,Kolej Tingkatan Enam Kulim,PPD KULIM/BANDAR BAHARU
KEA6014,Sekolah Menengah Kebangsaan Ayer Hangat,PPD LANGKAWI
KEA6015,Sekolah Menengah Kebangsaan Tunku Putra,PPD LANGKAWI
KEA6016,Sekolah Menengah Kebangsaan Kedawang,PPD LANGKAWI
KEA6017,Sekolah Menengah Kebangsaan Langkawi P.Tuba,PPD LANGKAWI
KEA6018,Sekolah Menengah Kebangsaan Kelibang,PPD LANGKAWI
KEA7017,Sekolah Menengah Kebangsaan Padang Terap,PPD PADANG TERAP
KEA7018,Sekolah Menengah Kebangsaan Lubok Merbau,PPD PADANG TERAP
KEA7019,Sekolah Menengah Kebangsaan Naka,PPD PADANG TERAP
KEA7020,Sekolah Menengah Kebangsaan Pedu,PPD PADANG TERAP
KEA7021,Sekolah Menengah Kebangsaan Kuala Nerang,PPD PADANG TERAP
KEA8019,Sekolah Menengah Kebangsaan Jeneri,PPD SIK
KEA8020,Sekolah Menengah Kebangsaan Seri Enggang,PPD SIK
KEA8021,Sekolah Menengah Kebangsaan Gulau,PPD SIK
KEA8022,Sekolah Menengah Kebangsaan Chepir,PPD SIK
KEA8023,Sekolah Menengah Kebangsaan Batu Lapan,PPD SIK
KEA9001,Sekolah Menengah Kebangsaan Sungai Limau Yan,PPD YAN
KEA9002,Sekolah Menengah Kebangsaan Batu 17,PPD YAN
KEA9003,Sekolah Menengah Kebangsaan Dulang,PPD YAN
KEA9004,Sekolah Menengah Kebangsaan Guar Chempedak 2,PPD YAN
KEA9005,Sekolah Menengah Kebangsaan Seri Badong,PPD YAN
KEAA091,Sekolah Menengah Kebangsaan Tokai,PPD PENDANG
KEAA092,Sekolah Menengah Kebangsaan Kubor Panjang,PPD PENDANG
KEAA164,Sekolah Menengah Kebangsaan Ayer Puteh Dalam,PPD PENDANG
KEAA180,Sekolah Menengah Kebangsaan Tanah Merah,PPD PENDANG
KEAA181,Sekolah Menengah Kebangsaan Syed Ibrahim,PPD PENDANG
KEAA182,Sek Model Khas Bukit Jenun,PPD PENDANG
KEAA183,Sekolah Menengah Kebangsaan Tunku Temenggung,PPD PENDANG
KEAA184,Sekolah Menengah Kebangsaan Tobiar,PPD PENDANG
KEAA185,Sekolah Menengah Sains Pendang,PPD PENDANG
KEAB001,Sekolah Menengah Kebangsaan Jabi,PPD KOTA SETAR
KEAB002,Sekolah Menengah Sains Pokok Sena,PPD KOTA SETAR
KEAB003,Sekolah Menengah Kebangsaan Bukit Payong,PPD KOTA SETAR
KEAB004,Sekolah Menengah Kebangsaan Pokok Sena 2,PPD KOTA SETAR
KEB0037,Sekolah Menengah Kebangsaan Tunku Putera,PPD BALING
KEB2093,Sekolah Menengah Kebangsaan Darulaman,PPD KOTA SETAR
KEB2094,Sekolah Menengah Kebangsaan Keat Hwa 1,PPD KOTA SETAR
KEB2095,Sekolah Menengah Kebangsaan Sultanah Asma,PPD KOTA SETAR
KEB2096,Kolej Sultan Abdul Hamid,PPD KOTA SETAR
KEB2097,Sekolah Menengah Kebangsaan St Michael,PPD KOTA SETAR
KEB2098,Sekolah Menengah Kebangsaan Convent,PPD KOTA SETAR
KEB2099,Sekolah Menengah Kebangsaan Tunku Abdul Rahman,PPD KOTA SETAR
KEB2162,Sekolah Menengah Kebangsaan Tunku Sofiah,PPD KOTA SETAR
KEB3047,Sekolah Menengah Kebangsaan Dato Bijaya Setia,PPD KUALA MUDA
KEB3048,Sekolah Menengah Kebangsaan Convent Father Barre,PPD KUALA MUDA
KEB3049,Sekolah Menengah Kebangsaan Ibrahim,PPD KUALA MUDA
KEB3050,Sekolah Menengah Kebangsaan St Theresa,PPD KUALA MUDA
KEB3051,Sekolah Menengah Kebangsaan Sin Min,PPD KUALA MUDA
KEB5025,Sekolah Menengah Kebangsaan Chio Min,PPD KULIM/BANDAR BAHARU
KEB5026,Sekolah Menengah Kebangsaan Tunku Panglima Besar,PPD KULIM/BANDAR BAHARU
KEB5027,Sekolah Menengah Kebangsaan Sultan Badlishah,PPD KULIM/BANDAR BAHARU
KEB5028,Sekolah Menengah Kebangsaan St Patrick,PPD KULIM/BANDAR BAHARU
KEB5029,Sekolah Menengah Kebangsaan St. Anne'S Convent,PPD KULIM/BANDAR BAHARU
KEE0038,Sekolah Menengah Kebangsaan Kuala Ketil,PPD BALING
KEE0039,Sekolah Menengah Kebangsaan Kuala Pegang,PPD BALING
KEE1017,Sekolah Menengah Kebangsaan Sultan Ahmad Tajuddin,PPD KULIM/BANDAR BAHARU
KEE1018,Sekolah Menengah Kebangsaan Serdang,PPD KULIM/BANDAR BAHARU
KEE2100,Sekolah Menengah Kebangsaan Tunku Abdul Malik,PPD KOTA SETAR
KEE2101,Sekolah Menengah Kebangsaan Alor Janggus,PPD KOTA SETAR
KEE2102,Sekolah Menengah Kebangsaan Muadzam Shah,PPD KOTA SETAR
KEE2104,Sekolah Menengah Kebangsaan Tunku Abd. Aziz,PPD KOTA SETAR
KEE2107,Sekolah Menengah Kebangsaan Tun Sharifah Rodziah,PPD KOTA SETAR
KEE2108,Sekolah Menengah Kebangsaan Tengku Laksamana,PPD KOTA SETAR
KEE2160,Sekolah Menengah Kebangsaan Seri Gunong,PPD KOTA SETAR
KEE3052,Sekolah Menengah Kebangsaan Bedong,PPD YAN
KEE3053,Sekolah Menengah Kebangsaan Che Tom 'Srt',PPD KUALA MUDA
KEE3054,Sekolah Menengah Kebangsaan Gurun,PPD YAN
KEE3055,Sekolah Menengah Kebangsaan Merbok,PPD KUALA MUDA
KEE3056,Sekolah Menengah Kebangsaan Pekula Jaya,PPD KUALA MUDA
KEE3057,Sekolah Menengah Kebangsaan Tunku Sulong,PPD YAN
KEE3105,Sekolah Menengah Sains Sultan Mohamad Jiwa,PPD KUALA MUDA
KEE4037,Sekolah Menengah Kebangsaan Jitra,PPD KUBANG PASU
KEE4038,Sekolah Menengah Kebangsaan Seri Mahawangsa,PPD KUBANG PASU
KEE4039,Sekolah Menengah Kebangsaan Tunku Bendahara,PPD KUBANG PASU
KEE4040,Sekolah Menengah Kebangsaan Pulau Nyior,PPD KUBANG PASU
KEE4041,Sekolah Menengah Kebangsaan Ayer Hitam,PPD KUBANG PASU
KEE5030,Sekolah Menengah Kebangsaan Mahang,PPD KULIM/BANDAR BAHARU
KEE5031,Sekolah Menengah Kebangsaan Padang Serai,PPD KULIM/BANDAR BAHARU
KEE6016,Sekolah Menengah Kebangsaan Mahsuri,PPD LANGKAWI
KEE7017,Sekolah Menengah Kebangsaan Datuk Syed Ahmad,PPD PADANG TERAP
KEE8018,Sekolah Menengah Kebangsaan Sik,PPD SIK
KEE9023,Sekolah Menengah Kebangsaan Guar Chempedak,PPD YAN
KEE9024,Sekolah Menengah Kebangsaan Yan,PPD YAN
KEEA103,Sekolah Menengah Kebangsaan Pendang,PPD PENDANG
KEEA105,Sekolah Menengah Kebangsaan Sungai Tiang,PPD PENDANG
KEEB001,Sekolah Menengah Kebangsaan Pokok Sena,PPD KOTA SETAR
KFA8001,Maahad Dini Sultan Abdul Halim,PPD SIK
KFT0010,Sma Islahiah,PPD KULIM/BANDAR BAHARU
KFT0011,Maktab Mahmud Baling,PPD BALING
KFT0012,Sekolah Menengah Agama (Arab) Annajah,PPD BALING
KFT1001,Maktab Mahmud Bandar Baharu,PPD KULIM/BANDAR BAHARU
KFT2001,Sekolah Menengah Agama Darrusaadah,PPD KOTA SETAR
KFT2003,Sekolah Menengah Agama Ihya Ul-Ulum Ad-Diniah,PPD KOTA SETAR
KFT2004,Maktab Mahmud Pokok Sena,PPD KOTA SETAR
KFT3002,Sma Sungai Petani,PPD YAN
KFT3003,Sma Pekan Gurun,PPD YAN
KFT3004,Sekolah Menengah Akademi Islam Darul Aman,PPD KUALA MUDA
KFT3005,Maktab Mahmud Kuala Muda,PPD KUALA MUDA
KFT3006,Maktab Mahmud Merbok,PPD KUALA MUDA
KFT4001,Sekolah Menengah Agama Hidayah Islamiah,PPD KUBANG PASU
KFT4002,Sma Nurul Islam Ayer Hitam,PPD KUBANG PASU
KFT5001,Maktab Mahmud Kulim,PPD KULIM/BANDAR BAHARU
KFT6001,Maktab Mahmud Langkawi,PPD LANGKAWI
KFT7001,Sma Daril Iktisam,PPD PADANG TERAP
KFT7002,Sma Ma'Ahad Tahfiz Al-Abidin,PPD PENDANG
KFT7003,Sekolah Menengah Agama Al-Islahiah Al-Islamiah,PPD PADANG TERAP
KFT7004,Maktab Mahmud Padang Terap,PPD PADANG TERAP
KFT8002,Maktab Mahmud Sik,PPD SIK
KFT8003,Sekolah Menengah Agama Irsyadiah,PPD SIK
KFT9001,Sma Saadah Aldiniah Al Islamiah,PPD YAN
KFT9002,Sma Fauzi,PPD YAN
KFT9003,Sekolah Menengah Agama Nahdzah,PPD YAN
KFTA001,Ma'Ahad Al Imam Al Syafie,PPD PENDANG
KFTA002,Maktab Mahmud Pendang,PPD PENDANG
KHA2001,Kolej Vokasional Alor Setar,PPD KOTA SETAR
KHA3003,Kolej Vokasional Sungai Petani 1,PPD KUALA MUDA
KHA3004,Kolej Vokasional Sungai Petani 2,PPD KUALA MUDA
KHA5002,Kolej Vokasional Kulim,PPD KULIM/BANDAR BAHARU
KHA6002,Kolej Vokasional Pulau Langkawi,PPD LANGKAWI
KKE2156,Sekolah Menengah Teknik Alor Setar,PPD KOTA SETAR
KRA0001,Sekolah Menengah Kebangsaan Agama Baling,PPD BALING
KRA2001,Sekolah Menengah Kebangsaan Agama Kedah,PPD KOTA SETAR
KRA4001,Sekolah Berasrama Penuh Integrasi Kubang Pasu,PPD KUBANG PASU
KRA4002,Sekolah Menengah Kebangsaan Agama Jerlun,PPD KUBANG PASU
KRA8001,Sekolah Menengah Kebangsaan Agama Sik,PPD SIK
KRA9001,Sekolah Menengah Kebangsaan Agama Yan,PPD YAN
